insert into users(id, email, firstName, password, timeZoneId, username) values (1, 'mail01@g.com', 'Pablo01', 'pass01', 'Europe/Warsaw', 'Pablito01');
insert into users(id, email, firstName, password, timeZoneId, username) values (2, 'mail02@g.com', 'Pablo02', 'pass02', 'Europe/Warsaw', 'Pablito02');
insert into users(id, email, firstName, password, timeZoneId, username) values (3, 'mail03@g.com', 'Pablo03', 'pass03', 'Europe/Warsaw', 'Pablito03');
insert into users(id, email, firstName, password, timeZoneId, username) values (4, 'mail04@g.com', 'Pablo04', 'pass04', 'Europe/Warsaw', 'Pablito04');
insert into users(id, email, firstName, password, timeZoneId, username) values (5, 'mail05@g.com', 'Pablo05', 'pass05', 'Europe/Warsaw', 'Pablito05');
insert into users(id, email, firstName, password, timeZoneId, username) values (6, 'mail06@g.com', 'Pablo06', 'pass06', 'Europe/Warsaw', 'Pablito06');
insert into users(id, email, firstName, password, timeZoneId, username) values (7, 'mail07@g.com', 'Pablo07', 'pass07', 'Europe/Warsaw', 'Pablito07');
insert into users(id, email, firstName, password, timeZoneId, username) values (8, 'mail08@g.com', 'Pablo08', 'pass08', 'Europe/Warsaw', 'Pablito08');
insert into users(id, email, firstName, password, timeZoneId, username) values (9, 'mail09@g.com', 'Pablo09', 'pass09', 'Europe/Warsaw', 'Pablito09');
insert into users(id, email, firstName, password, timeZoneId, username) values (10, 'mail10@g.com', 'Pablo10', 'pass10', 'Europe/Warsaw', 'Pablito10');

insert into personal_details (id, age, city, country, dateOfBirth, education, gender, maritalStatus, occupation, photo, rating, religion, user_id) values (1, 18, 'London', 'Country01', '2000-01-01', 'University01', 1, 1, 'Job01', null, 1.1, 1, 1);
insert into personal_details (id, age, city, country, dateOfBirth, education, gender, maritalStatus, occupation, photo, rating, religion, user_id) values (2, 19, 'Berlin', 'Country02', '2000-01-02', 'University02', 2, 1, 'Job02', null, 2.2, 1, 2);
insert into personal_details (id, age, city, country, dateOfBirth, education, gender, maritalStatus, occupation, photo, rating, religion, user_id) values (3, 20, 'Moscow', 'Country03', '2000-01-03', 'University03', 1, 1, 'Job03', null, 3.3, 1, 3);
insert into personal_details (id, age, city, country, dateOfBirth, education, gender, maritalStatus, occupation, photo, rating, religion, user_id) values (4, 21, 'Berlin', 'Country04', '2000-01-04', 'University04', 2, 1, 'Job04', null, 4.4, 1, 4);
insert into personal_details (id, age, city, country, dateOfBirth, education, gender, maritalStatus, occupation, photo, rating, religion, user_id) values (5, 22, 'New York', 'Country05', '2000-01-05', 'University05', 1, 1, 'Job05', null, 5.5, 1, 5);
insert into personal_details (id, age, city, country, dateOfBirth, education, gender, maritalStatus, occupation, photo, rating, religion, user_id) values (6, 23, 'Moscow', 'Country06', '2000-01-06', 'University06', 2, 1, 'Job06', null, 1.6, 1, 6);
insert into personal_details (id, age, city, country, dateOfBirth, education, gender, maritalStatus, occupation, photo, rating, religion, user_id) values (7, 24, 'Warsaw', 'Country07', '2000-01-07', 'University07', 1, 1, 'Job07', null, 2.7, 1, 7);
insert into personal_details (id, age, city, country, dateOfBirth, education, gender, maritalStatus, occupation, photo, rating, religion, user_id) values (8, 25, 'New York', 'Country08', '2000-01-08', 'University08', 2, 1, 'Job08', null, 3.8, 1, 8);
insert into personal_details (id, age, city, country, dateOfBirth, education, gender, maritalStatus, occupation, photo, rating, religion, user_id) values (9, 26, 'Berlin', 'Country09', '2000-01-09', 'University09', 1, 1, 'Job09', null, 4.9, 1, 9);
insert into personal_details (id, age, city, country, dateOfBirth, education, gender, maritalStatus, occupation, photo, rating, religion, user_id) values (10, 27, 'Sydney', 'Country10', '2000-01-10', 'University10', 2, 1, 'Job10', null, 5.0, 1, 10);

insert into appearance (id, about, eyes, hairColour, height, hobbies, physique, user_id) values (1, 'About01', 1, 1, 150, 'Hobbies01', 1, 1);
insert into appearance (id, about, eyes, hairColour, height, hobbies, physique, user_id) values (2, 'About02', 1, 1, 155, 'Hobbies02', 1, 2);
insert into appearance (id, about, eyes, hairColour, height, hobbies, physique, user_id) values (3, 'About03', 1, 1, 160, 'Hobbies03', 1, 3);
insert into appearance (id, about, eyes, hairColour, height, hobbies, physique, user_id) values (4, 'About04', 1, 1, 165, 'Hobbies04', 1, 4);
insert into appearance (id, about, eyes, hairColour, height, hobbies, physique, user_id) values (5, 'About05', 1, 1, 170, 'Hobbies05', 1, 5);
insert into appearance (id, about, eyes, hairColour, height, hobbies, physique, user_id) values (6, 'About06', 1, 1, 175, 'Hobbies06', 1, 6);
insert into appearance (id, about, eyes, hairColour, height, hobbies, physique, user_id) values (7, 'About07', 1, 1, 180, 'Hobbies07', 1, 7);
insert into appearance (id, about, eyes, hairColour, height, hobbies, physique, user_id) values (8, 'About08', 1, 1, 185, 'Hobbies08', 1, 8);
insert into appearance (id, about, eyes, hairColour, height, hobbies, physique, user_id) values (9, 'About09', 1, 1, 190, 'Hobbies09', 1, 9);
insert into appearance (id, about, eyes, hairColour, height, hobbies, physique, user_id) values (10, 'About10', 1, 1, 195, 'Hobbies10', 1, 10);

insert into comment (id, author, content, postDate, id_user, avatar) values (1, 'Pablito01', 'Hejka!', '2020-03-31 10:12:49.488', 1, null);
